timestamp,page_url,ttfb_ms,load_time_ms,requests_count,core_web_vitals_status,detected_assets
2026-03-21T06:22:17.280429+00:00,/,760,4265,2,poor,https://fitaichat.netlify.app/static/css/main.f8a5623e.css|https://fitaichat.netlify.app/static/js/main.a18236ee.js
2026-03-21T06:22:18.510064+00:00,/chat,218,659,2,good,https://fitaichat.netlify.app/static/css/main.f8a5623e.css|https://fitaichat.netlify.app/static/js/main.a18236ee.js
2026-03-21T06:33:38.207078+00:00,/,346,6423,12,poor,https://civicpulse.in/css/font-awesome.min.css|https://civicpulse.in/assets/css/style-starter.css|https://civicpulse.in/assets/js/jquery.quicksand.js|https://civicpulse.in/assets/js/script.js|https://civicpulse.in/assets/js/jquery-3.3.1.min.js
2026-03-21T06:33:40.660329+00:00,/about,388,1811,7,needs-improvement,https://civicpulse.in/cgi-sys/js/simple-expand.min.js
2026-03-21T06:33:43.153826+00:00,/contact,317,1853,7,needs-improvement,https://civicpulse.in/cgi-sys/js/simple-expand.min.js
2026-03-21T06:36:11.729158+00:00,/,313,731,0,good,
2026-03-21T06:36:13.098488+00:00,/r/python,303,768,0,good,
2026-03-21T06:36:14.407384+00:00,/r/webdev,275,672,0,good,
2026-03-21T06:38:08.105753+00:00,/,406,2271,57,needs-improvement,https://assets.dev.to/assets/minimal-102395aec70cbac5f7d0bd5bebb5b56f0459629c5d224dae16333f11604cbad3.css|https://assets.dev.to/assets/views-daf614dcfafed4955d7758a6a86d63bfbb1e8d4eae8b6317b421e18a99bbe867.css|https://assets.dev.to/assets/crayons-8fce708625aacc3ff4a4d4947252a1cfab954753bb082374c0bed738861b52f2.css|https://assets.dev.to/assets/baseInitializers-2f0777a6d67046056f9f42665560ce072de3801292674358ddbad6e135c1891d.js|https://assets.dev.to/assets/base-37ca257b57ba8b4f17aa132a4cc0d9ce6e91ff8114e8651c2c99499caf104905.js
2026-03-21T06:38:12.484003+00:00,/top/week,533,2979,55,poor,https://assets.dev.to/assets/views-daf614dcfafed4955d7758a6a86d63bfbb1e8d4eae8b6317b421e18a99bbe867.css|https://assets.dev.to/assets/minimal-102395aec70cbac5f7d0bd5bebb5b56f0459629c5d224dae16333f11604cbad3.css|https://assets.dev.to/assets/crayons-8fce708625aacc3ff4a4d4947252a1cfab954753bb082374c0bed738861b52f2.css|https://assets.dev.to/assets/base-37ca257b57ba8b4f17aa132a4cc0d9ce6e91ff8114e8651c2c99499caf104905.js|https://assets.dev.to/assets/baseTracking-b6bf73e5ee66633e151e7d5b7c6bbccedfa4c59e3615be97b98c4c0f543ddae7.js
2026-03-21T06:38:16.520933+00:00,/listings,381,1486,53,needs-improvement,https://assets.dev.to/assets/minimal-38ef7c1d77ce4703c9933f4a7341c47fda3dfe7a3684438074091ad6e2217919.css|https://assets.dev.to/assets/views-c39024a1059d955b68e543c34bfc656efb2a240d268fc9f171f1a18957582a81.css|https://assets.dev.to/assets/crayons-9da8521a7ce3cbf2b48ea811297907525a284963650c9d26fdc4bfe106e7eba9.css|https://assets.dev.to/assets/baseInitializers-2f0777a6d67046056f9f42665560ce072de3801292674358ddbad6e135c1891d.js|https://assets.dev.to/assets/react-dates/lib/css/_datepicker-efc367057e7f65b7734d69877fab4ee5db2e2054b468b8768da4bc8e82c1b059.css
2026-03-21T06:41:58.488425+00:00,/,34,-1774075317897,2,good,
2026-03-21T06:41:59.038645+00:00,/topic/technology,44,-1774075318594,1,good,
2026-03-21T06:41:59.586533+00:00,/topic/programming,40,-1774075319141,1,good,
2026-03-21T06:42:17.465489+00:00,/,66,783,7,good,
2026-03-21T06:42:21.062560+00:00,/topic/technology,46,772,7,good,
2026-03-21T06:42:24.673359+00:00,/topic/programming,42,653,7,good,
2026-03-21T06:42:50.300517+00:00,/,77,-1774075366491,125,good,https://hashnode.com/_next/static/chunks/5aa6e52e0dd7aea2.css|https://hashnode.com/_next/static/chunks/72cd4bd1e0564c77.css|https://hashnode.com/_next/static/chunks/39c65b9ff246101f.css|https://hashnode.com/_next/static/chunks/eceb3fae70be61b4.js|https://hashnode.com/_next/static/chunks/59da4c89006371bd.js
2026-03-21T06:42:54.128460+00:00,/explore,300,-1774075371512,65,good,https://hashnode.com/_next/static/chunks/5aa6e52e0dd7aea2.css|https://hashnode.com/_next/static/chunks/39c65b9ff246101f.css|https://hashnode.com/_next/static/chunks/72cd4bd1e0564c77.css|https://hashnode.com/_next/static/chunks/faf4a0202735b81c.js|https://hashnode.com/_next/static/chunks/ade94519337d7214.js
2026-03-21T06:42:57.958235+00:00,/featured,316,-1774075375346,63,good,https://hashnode.com/_next/static/chunks/5aa6e52e0dd7aea2.css|https://hashnode.com/_next/static/chunks/39c65b9ff246101f.css|https://hashnode.com/_next/static/chunks/72cd4bd1e0564c77.css|https://hashnode.com/_next/static/chunks/faf4a0202735b81c.js|https://hashnode.com/_next/static/chunks/5d420d97975eccac.js
2026-03-21T06:53:31.737222+00:00,/,496,5859,22,poor,https://hashnode.com/_next/static/chunks/72cd4bd1e0564c77.css|https://hashnode.com/_next/static/chunks/39c65b9ff246101f.css|https://hashnode.com/_next/static/chunks/5aa6e52e0dd7aea2.css|https://hashnode.com/_next/static/chunks/faf4a0202735b81c.js|https://hashnode.com/_next/static/chunks/ade94519337d7214.js
2026-03-21T06:53:36.768498+00:00,/explore,0,3750,21,poor,https://hashnode.com/_next/static/chunks/5aa6e52e0dd7aea2.css|https://hashnode.com/_next/static/chunks/39c65b9ff246101f.css|https://hashnode.com/_next/static/chunks/72cd4bd1e0564c77.css|https://hashnode.com/_next/static/chunks/faf4a0202735b81c.js|https://hashnode.com/_next/static/chunks/ade94519337d7214.js
2026-03-21T06:53:42.354283+00:00,/featured,0,4452,21,poor,https://hashnode.com/_next/static/chunks/5aa6e52e0dd7aea2.css|https://hashnode.com/_next/static/chunks/39c65b9ff246101f.css|https://hashnode.com/_next/static/chunks/72cd4bd1e0564c77.css|https://hashnode.com/_next/static/chunks/faf4a0202735b81c.js|https://hashnode.com/_next/static/chunks/ade94519337d7214.js
2026-03-22T06:56:00.228404+00:00,/,73,3573,22,poor,https://hashnode.com/_next/static/chunks/5aa6e52e0dd7aea2.css|https://hashnode.com/_next/static/chunks/39c65b9ff246101f.css|https://hashnode.com/_next/static/chunks/d96012bcfc98706a.js|https://hashnode.com/_next/static/chunks/faf4a0202735b81c.js|https://hashnode.com/_next/static/chunks/ade94519337d7214.js
2026-03-22T06:56:03.466987+00:00,/explore,142,3174,45,poor,https://hashnode.com/_next/static/chunks/5aa6e52e0dd7aea2.css|https://hashnode.com/_next/static/chunks/72cd4bd1e0564c77.css|https://hashnode.com/_next/static/chunks/39c65b9ff246101f.css|https://hashnode.com/_next/static/chunks/faf4a0202735b81c.js|https://hashnode.com/_next/static/chunks/5d420d97975eccac.js
2026-03-22T06:56:06.798890+00:00,/featured,110,3283,45,poor,https://hashnode.com/_next/static/chunks/39c65b9ff246101f.css|https://hashnode.com/_next/static/chunks/72cd4bd1e0564c77.css|https://hashnode.com/_next/static/chunks/5aa6e52e0dd7aea2.css|https://hashnode.com/_next/static/chunks/faf4a0202735b81c.js|https://hashnode.com/_next/static/chunks/5d420d97975eccac.js
2026-03-23T07:14:25.945500+00:00,/,131,3498,22,poor,https://hashnode.com/_next/static/chunks/ade94519337d7214.js|https://hashnode.com/_next/static/chunks/73e3194f06db260e.js|https://hashnode.com/_next/static/chunks/d598f1f652e2d146.js|https://hashnode.com/_next/static/chunks/e319363365fbd924.js|https://hashnode.com/_next/static/chunks/1227041bc1f8949b.js
2026-03-23T07:14:30.015021+00:00,/explore,132,4023,45,poor,https://hashnode.com/_next/static/chunks/5aa6e52e0dd7aea2.css|https://hashnode.com/_next/static/chunks/39c65b9ff246101f.css|https://hashnode.com/_next/static/chunks/72cd4bd1e0564c77.css|https://hashnode.com/_next/static/chunks/faf4a0202735b81c.js|https://hashnode.com/_next/static/chunks/ade94519337d7214.js
2026-03-23T07:14:33.303128+00:00,/featured,223,3241,45,poor,https://hashnode.com/_next/static/chunks/5aa6e52e0dd7aea2.css|https://hashnode.com/_next/static/chunks/39c65b9ff246101f.css|https://hashnode.com/_next/static/chunks/72cd4bd1e0564c77.css|https://hashnode.com/_next/static/chunks/59da4c89006371bd.js|https://hashnode.com/_next/static/chunks/faf4a0202735b81c.js
2026-03-24T07:07:33.898501+00:00,/,323,3613,22,poor,https://hashnode.com/_next/static/chunks/39c65b9ff246101f.css|https://hashnode.com/_next/static/chunks/d96012bcfc98706a.js|https://hashnode.com/_next/static/chunks/f2e0af829197c917.js|https://hashnode.com/_next/static/chunks/5aa6e52e0dd7aea2.css|https://hashnode.com/_next/static/chunks/turbopack-30f62fc35629b0a3.js
2026-03-24T07:07:37.335985+00:00,/explore,225,3377,45,poor,https://hashnode.com/_next/static/chunks/5aa6e52e0dd7aea2.css|https://hashnode.com/_next/static/chunks/39c65b9ff246101f.css|https://hashnode.com/_next/static/chunks/72cd4bd1e0564c77.css|https://hashnode.com/_next/static/chunks/faf4a0202735b81c.js|https://hashnode.com/_next/static/chunks/ade94519337d7214.js
2026-03-24T07:07:40.680827+00:00,/featured,338,3291,45,poor,https://hashnode.com/_next/static/chunks/5aa6e52e0dd7aea2.css|https://hashnode.com/_next/static/chunks/39c65b9ff246101f.css|https://hashnode.com/_next/static/chunks/72cd4bd1e0564c77.css|https://hashnode.com/_next/static/chunks/faf4a0202735b81c.js|https://hashnode.com/_next/static/chunks/turbopack-30f62fc35629b0a3.js
2026-03-25T07:05:31.726012+00:00,/,164,3519,22,poor,https://hashnode.com/_next/static/chunks/72cd4bd1e0564c77.css|https://hashnode.com/_next/static/chunks/39c65b9ff246101f.css|https://hashnode.com/_next/static/chunks/73e3194f06db260e.js|https://hashnode.com/_next/static/chunks/d598f1f652e2d146.js|https://hashnode.com/_next/static/chunks/ade94519337d7214.js
2026-03-25T07:05:35.083550+00:00,/explore,125,3301,45,poor,https://hashnode.com/_next/static/chunks/5aa6e52e0dd7aea2.css|https://hashnode.com/_next/static/chunks/39c65b9ff246101f.css|https://hashnode.com/_next/static/chunks/72cd4bd1e0564c77.css|https://hashnode.com/_next/static/chunks/faf4a0202735b81c.js|https://hashnode.com/_next/static/chunks/ade94519337d7214.js
2026-03-25T07:05:39.068548+00:00,/featured,133,3936,45,poor,https://hashnode.com/_next/static/chunks/72cd4bd1e0564c77.css|https://hashnode.com/_next/static/chunks/39c65b9ff246101f.css|https://hashnode.com/_next/static/chunks/5aa6e52e0dd7aea2.css|https://hashnode.com/_next/static/chunks/faf4a0202735b81c.js|https://hashnode.com/_next/static/chunks/ade94519337d7214.js
2026-03-26T07:15:43.887676+00:00,/,226,3652,22,poor,https://hashnode.com/_next/static/chunks/9e1e6df4b94fb774.css|https://hashnode.com/_next/static/chunks/5aa6e52e0dd7aea2.css|https://hashnode.com/_next/static/chunks/39c65b9ff246101f.css|https://hashnode.com/_next/static/chunks/d598f1f652e2d146.js|https://hashnode.com/_next/static/chunks/5d420d97975eccac.js
2026-03-26T07:15:47.284616+00:00,/explore,104,3346,45,poor,https://hashnode.com/_next/static/chunks/5aa6e52e0dd7aea2.css|https://hashnode.com/_next/static/chunks/39c65b9ff246101f.css|https://hashnode.com/_next/static/chunks/9e1e6df4b94fb774.css|https://hashnode.com/_next/static/chunks/faf4a0202735b81c.js|https://hashnode.com/_next/static/chunks/ade94519337d7214.js
2026-03-26T07:15:50.992902+00:00,/featured,278,3665,45,poor,https://hashnode.com/_next/static/chunks/5aa6e52e0dd7aea2.css|https://hashnode.com/_next/static/chunks/39c65b9ff246101f.css|https://hashnode.com/_next/static/chunks/9e1e6df4b94fb774.css|https://hashnode.com/_next/static/chunks/5f867900203628da.js|https://hashnode.com/_next/static/chunks/d598f1f652e2d146.js
2026-03-27T07:12:13.856116+00:00,/,241,4056,22,poor,https://hashnode.com/_next/static/chunks/39c65b9ff246101f.css|https://hashnode.com/_next/static/chunks/5aa6e52e0dd7aea2.css|https://hashnode.com/_next/static/chunks/9e1e6df4b94fb774.css|https://hashnode.com/_next/static/chunks/faf4a0202735b81c.js|https://hashnode.com/_next/static/chunks/ade94519337d7214.js
2026-03-27T07:12:17.248408+00:00,/explore,120,3327,45,poor,https://hashnode.com/_next/static/chunks/5aa6e52e0dd7aea2.css|https://hashnode.com/_next/static/chunks/39c65b9ff246101f.css|https://hashnode.com/_next/static/chunks/9e1e6df4b94fb774.css|https://hashnode.com/_next/static/chunks/faf4a0202735b81c.js|https://hashnode.com/_next/static/chunks/59da4c89006371bd.js
2026-03-27T07:12:20.639222+00:00,/featured,816,3338,45,poor,https://hashnode.com/_next/static/chunks/5aa6e52e0dd7aea2.css|https://hashnode.com/_next/static/chunks/39c65b9ff246101f.css|https://hashnode.com/_next/static/chunks/9e1e6df4b94fb774.css|https://hashnode.com/_next/static/chunks/d598f1f652e2d146.js|https://hashnode.com/_next/static/chunks/faf4a0202735b81c.js
2026-03-28T07:02:12.672969+00:00,/,63,3134,22,poor,https://hashnode.com/_next/static/chunks/5aa6e52e0dd7aea2.css|https://hashnode.com/_next/static/chunks/39c65b9ff246101f.css|https://hashnode.com/_next/static/chunks/8ce6f1ad3f226fda.css|https://hashnode.com/_next/static/chunks/ade94519337d7214.js|https://hashnode.com/_next/static/chunks/d598f1f652e2d146.js
2026-03-28T07:02:16.066599+00:00,/explore,140,3334,45,poor,https://hashnode.com/_next/static/chunks/5aa6e52e0dd7aea2.css|https://hashnode.com/_next/static/chunks/39c65b9ff246101f.css|https://hashnode.com/_next/static/chunks/8ce6f1ad3f226fda.css|https://hashnode.com/_next/static/chunks/faf4a0202735b81c.js|https://hashnode.com/_next/static/chunks/ade94519337d7214.js
2026-03-28T07:02:19.802219+00:00,/featured,192,3679,45,poor,https://hashnode.com/_next/static/chunks/39c65b9ff246101f.css|https://hashnode.com/_next/static/chunks/8ce6f1ad3f226fda.css|https://hashnode.com/_next/static/chunks/5aa6e52e0dd7aea2.css|https://hashnode.com/_next/static/chunks/d598f1f652e2d146.js|https://hashnode.com/_next/static/chunks/faf4a0202735b81c.js
2026-03-29T07:07:34.966662+00:00,/,47,3412,22,poor,https://hashnode.com/_next/static/chunks/5aa6e52e0dd7aea2.css|https://hashnode.com/_next/static/chunks/39c65b9ff246101f.css|https://hashnode.com/_next/static/chunks/8ce6f1ad3f226fda.css|https://hashnode.com/_next/static/chunks/faf4a0202735b81c.js|https://hashnode.com/_next/static/chunks/ade94519337d7214.js
2026-03-29T07:07:38.261773+00:00,/explore,133,3236,45,poor,https://hashnode.com/_next/static/chunks/5aa6e52e0dd7aea2.css|https://hashnode.com/_next/static/chunks/39c65b9ff246101f.css|https://hashnode.com/_next/static/chunks/8ce6f1ad3f226fda.css|https://hashnode.com/_next/static/chunks/ade94519337d7214.js|https://hashnode.com/_next/static/chunks/faf4a0202735b81c.js
2026-03-29T07:07:41.701103+00:00,/featured,158,3389,45,poor,https://hashnode.com/_next/static/chunks/5aa6e52e0dd7aea2.css|https://hashnode.com/_next/static/chunks/39c65b9ff246101f.css|https://hashnode.com/_next/static/chunks/8ce6f1ad3f226fda.css|https://hashnode.com/_next/static/chunks/ade94519337d7214.js|https://hashnode.com/_next/static/chunks/faf4a0202735b81c.js
2026-03-30T07:46:07.575434+00:00,/,335,3737,22,poor,https://hashnode.com/_next/static/chunks/5aa6e52e0dd7aea2.css|https://hashnode.com/_next/static/chunks/7f005428375f2407.css|https://hashnode.com/_next/static/chunks/39c65b9ff246101f.css|https://hashnode.com/_next/static/chunks/faf4a0202735b81c.js|https://hashnode.com/_next/static/chunks/ade94519337d7214.js
2026-03-30T07:46:10.958701+00:00,/explore,116,3326,45,poor,https://hashnode.com/_next/static/chunks/5aa6e52e0dd7aea2.css|https://hashnode.com/_next/static/chunks/39c65b9ff246101f.css|https://hashnode.com/_next/static/chunks/7f005428375f2407.css|https://hashnode.com/_next/static/chunks/ade94519337d7214.js|https://hashnode.com/_next/static/chunks/faf4a0202735b81c.js
2026-03-30T07:46:14.262868+00:00,/featured,126,3251,45,poor,https://hashnode.com/_next/static/chunks/5aa6e52e0dd7aea2.css|https://hashnode.com/_next/static/chunks/39c65b9ff246101f.css|https://hashnode.com/_next/static/chunks/7f005428375f2407.css|https://hashnode.com/_next/static/chunks/faf4a0202735b81c.js|https://hashnode.com/_next/static/chunks/ade94519337d7214.js
2026-03-31T07:19:19.364977+00:00,/,98,3529,22,poor,https://hashnode.com/_next/static/chunks/5aa6e52e0dd7aea2.css|https://hashnode.com/_next/static/chunks/b822d8962c0126a0.css|https://hashnode.com/_next/static/chunks/39c65b9ff246101f.css|https://hashnode.com/_next/static/chunks/faf4a0202735b81c.js|https://hashnode.com/_next/static/chunks/d96012bcfc98706a.js
2026-03-31T07:19:22.761807+00:00,/explore,113,3346,45,poor,https://hashnode.com/_next/static/chunks/5aa6e52e0dd7aea2.css|https://hashnode.com/_next/static/chunks/39c65b9ff246101f.css|https://hashnode.com/_next/static/chunks/b822d8962c0126a0.css|https://hashnode.com/_next/static/chunks/faf4a0202735b81c.js|https://hashnode.com/_next/static/chunks/5d420d97975eccac.js
2026-03-31T07:19:27.254012+00:00,/featured,220,4453,45,poor,https://hashnode.com/_next/static/chunks/5aa6e52e0dd7aea2.css|https://hashnode.com/_next/static/chunks/turbopack-30f62fc35629b0a3.js|https://hashnode.com/_next/static/chunks/2963de8af5bf4d07.js|https://hashnode.com/_next/static/chunks/faf4a0202735b81c.js|https://hashnode.com/_next/static/chunks/44e261bdea472d95.js
2026-04-01T07:24:40.717706+00:00,/,135,3409,22,poor,https://hashnode.com/_next/static/chunks/39c65b9ff246101f.css|https://hashnode.com/_next/static/chunks/6caf7277614b8f01.css|https://hashnode.com/_next/static/chunks/9cd97c8112ebe080.css|https://hashnode.com/_next/static/chunks/faf4a0202735b81c.js|https://hashnode.com/_next/static/chunks/ade94519337d7214.js
2026-04-01T07:24:43.927690+00:00,/explore,230,3156,45,poor,https://hashnode.com/_next/static/chunks/39c65b9ff246101f.css|https://hashnode.com/_next/static/chunks/6caf7277614b8f01.css|https://hashnode.com/_next/static/chunks/9cd97c8112ebe080.css|https://hashnode.com/_next/static/chunks/faf4a0202735b81c.js|https://hashnode.com/_next/static/chunks/ade94519337d7214.js
2026-04-01T07:24:47.277580+00:00,/featured,14,3300,45,poor,https://hashnode.com/_next/static/chunks/6caf7277614b8f01.css|https://hashnode.com/_next/static/chunks/39c65b9ff246101f.css|https://hashnode.com/_next/static/chunks/9cd97c8112ebe080.css|https://hashnode.com/_next/static/chunks/faf4a0202735b81c.js|https://hashnode.com/_next/static/chunks/ade94519337d7214.js
2026-04-02T07:16:50.159998+00:00,/,39,5118,22,poor,https://hashnode.com/_next/static/chunks/6caf7277614b8f01.css|https://hashnode.com/_next/static/chunks/39c65b9ff246101f.css|https://hashnode.com/_next/static/chunks/6a7b32c87d517953.css|https://hashnode.com/_next/static/chunks/turbopack-30f62fc35629b0a3.js|https://hashnode.com/_next/static/chunks/d26df96ef9a85721.js
2026-04-02T07:16:53.451389+00:00,/explore,234,3233,45,poor,https://hashnode.com/_next/static/chunks/6caf7277614b8f01.css|https://hashnode.com/_next/static/chunks/39c65b9ff246101f.css|https://hashnode.com/_next/static/chunks/6a7b32c87d517953.css|https://hashnode.com/_next/static/chunks/faf4a0202735b81c.js|https://hashnode.com/_next/static/chunks/ade94519337d7214.js
2026-04-02T07:16:56.816194+00:00,/featured,220,3315,45,poor,https://hashnode.com/_next/static/chunks/6caf7277614b8f01.css|https://hashnode.com/_next/static/chunks/39c65b9ff246101f.css|https://hashnode.com/_next/static/chunks/6a7b32c87d517953.css|https://hashnode.com/_next/static/chunks/faf4a0202735b81c.js|https://hashnode.com/_next/static/chunks/ade94519337d7214.js
2026-04-03T07:13:28.821884+00:00,/,194,3359,22,poor,https://hashnode.com/_next/static/chunks/39c65b9ff246101f.css|https://hashnode.com/_next/static/chunks/6caf7277614b8f01.css|https://hashnode.com/_next/static/chunks/89bcb98f518389a3.js|https://hashnode.com/_next/static/chunks/6bc3ad96ab7c3461.css|https://hashnode.com/_next/static/chunks/d598f1f652e2d146.js
2026-04-03T07:13:32.260394+00:00,/explore,143,3379,45,poor,https://hashnode.com/_next/static/chunks/6caf7277614b8f01.css|https://hashnode.com/_next/static/chunks/ade94519337d7214.js|https://hashnode.com/_next/static/chunks/6bc3ad96ab7c3461.css|https://hashnode.com/_next/static/chunks/5d420d97975eccac.js|https://hashnode.com/_next/static/chunks/26c25b9b1c380a75.js
2026-04-03T07:13:35.454014+00:00,/featured,150,3134,45,poor,https://hashnode.com/_next/static/chunks/39c65b9ff246101f.css|https://hashnode.com/_next/static/chunks/6bc3ad96ab7c3461.css|https://hashnode.com/_next/static/chunks/6caf7277614b8f01.css|https://hashnode.com/_next/static/chunks/ade94519337d7214.js|https://hashnode.com/_next/static/chunks/faf4a0202735b81c.js
2026-04-04T07:04:39.589023+00:00,/,114,3200,22,poor,https://hashnode.com/_next/static/chunks/6caf7277614b8f01.css|https://hashnode.com/_next/static/chunks/2fff67febe7f7807.css|https://hashnode.com/_next/static/chunks/39c65b9ff246101f.css|https://hashnode.com/_next/static/chunks/faf4a0202735b81c.js|https://hashnode.com/_next/static/chunks/ade94519337d7214.js
2026-04-04T07:04:46.642927+00:00,/explore,181,6986,45,poor,https://hashnode.com/_next/static/chunks/6caf7277614b8f01.css|https://hashnode.com/_next/static/chunks/39c65b9ff246101f.css|https://hashnode.com/_next/static/chunks/2fff67febe7f7807.css|https://hashnode.com/_next/static/chunks/faf4a0202735b81c.js|https://hashnode.com/_next/static/chunks/ade94519337d7214.js
2026-04-04T07:04:49.866628+00:00,/featured,149,3163,45,poor,https://hashnode.com/_next/static/chunks/39c65b9ff246101f.css|https://hashnode.com/_next/static/chunks/6caf7277614b8f01.css|https://hashnode.com/_next/static/chunks/2fff67febe7f7807.css|https://hashnode.com/_next/static/chunks/faf4a0202735b81c.js|https://hashnode.com/_next/static/chunks/ade94519337d7214.js
2026-04-05T07:11:19.287476+00:00,/,15075,22560,21,poor,https://hashnode.com/_next/static/chunks/6caf7277614b8f01.css|https://hashnode.com/_next/static/chunks/39c65b9ff246101f.css|https://hashnode.com/_next/static/chunks/2fff67febe7f7807.css|https://hashnode.com/_next/static/chunks/faf4a0202735b81c.js|https://hashnode.com/_next/static/chunks/ade94519337d7214.js
2026-04-05T07:11:22.999969+00:00,/explore,931,3655,45,poor,https://hashnode.com/_next/static/chunks/6caf7277614b8f01.css|https://hashnode.com/_next/static/chunks/39c65b9ff246101f.css|https://hashnode.com/_next/static/chunks/2fff67febe7f7807.css|https://hashnode.com/_next/static/chunks/faf4a0202735b81c.js|https://hashnode.com/_next/static/chunks/ade94519337d7214.js
2026-04-05T07:11:49.324372+00:00,/featured,20489,26271,45,poor,https://hashnode.com/_next/static/chunks/6caf7277614b8f01.css|https://hashnode.com/_next/static/chunks/39c65b9ff246101f.css|https://hashnode.com/_next/static/chunks/2fff67febe7f7807.css|https://hashnode.com/_next/static/chunks/faf4a0202735b81c.js|https://hashnode.com/_next/static/chunks/ade94519337d7214.js
2026-04-06T07:47:30.108469+00:00,/,149,3961,24,poor,https://hashnode.com/_next/static/chunks/d26df96ef9a85721.js|https://hashnode.com/_next/static/chunks/39c65b9ff246101f.css|https://hashnode.com/_next/static/chunks/d598f1f652e2d146.js|https://hashnode.com/_next/static/chunks/7eefeea34d48fc97.css|https://hashnode.com/_next/static/chunks/2046bca9a9daa3cb.js
2026-04-06T07:47:33.903834+00:00,/explore,119,3732,45,poor,https://hashnode.com/_next/static/chunks/6caf7277614b8f01.css|https://hashnode.com/_next/static/chunks/39c65b9ff246101f.css|https://hashnode.com/_next/static/chunks/7eefeea34d48fc97.css|https://hashnode.com/_next/static/chunks/faf4a0202735b81c.js|https://hashnode.com/_next/static/chunks/ade94519337d7214.js
2026-04-06T07:47:39.289716+00:00,/featured,318,5313,45,poor,https://hashnode.com/_next/static/chunks/6caf7277614b8f01.css|https://hashnode.com/_next/static/chunks/39c65b9ff246101f.css|https://hashnode.com/_next/static/chunks/7eefeea34d48fc97.css|https://hashnode.com/_next/static/chunks/faf4a0202735b81c.js|https://hashnode.com/_next/static/chunks/ade94519337d7214.js
2026-04-07T07:22:02.668151+00:00,/,40,3115,24,poor,https://hashnode.com/_next/static/chunks/7eefeea34d48fc97.css|https://hashnode.com/_next/static/chunks/6caf7277614b8f01.css|https://hashnode.com/_next/static/chunks/39c65b9ff246101f.css|https://hashnode.com/_next/static/chunks/faf4a0202735b81c.js|https://hashnode.com/_next/static/chunks/ade94519337d7214.js
2026-04-07T07:22:06.266392+00:00,/explore,302,3539,45,poor,https://hashnode.com/_next/static/chunks/6caf7277614b8f01.css|https://hashnode.com/_next/static/chunks/39c65b9ff246101f.css|https://hashnode.com/_next/static/chunks/7eefeea34d48fc97.css|https://hashnode.com/_next/static/chunks/5d420d97975eccac.js|https://hashnode.com/_next/static/chunks/d598f1f652e2d146.js
2026-04-07T07:22:09.566850+00:00,/featured,228,3248,42,poor,https://hashnode.com/_next/static/chunks/39c65b9ff246101f.css|https://hashnode.com/_next/static/chunks/6caf7277614b8f01.css|https://hashnode.com/_next/static/chunks/7eefeea34d48fc97.css|https://hashnode.com/_next/static/chunks/faf4a0202735b81c.js|https://hashnode.com/_next/static/chunks/ade94519337d7214.js
2026-04-08T07:24:24.122563+00:00,/,65,3157,24,poor,https://hashnode.com/_next/static/chunks/7eefeea34d48fc97.css|https://hashnode.com/_next/static/chunks/6caf7277614b8f01.css|https://hashnode.com/_next/static/chunks/39c65b9ff246101f.css|https://hashnode.com/_next/static/chunks/faf4a0202735b81c.js|https://hashnode.com/_next/static/chunks/ade94519337d7214.js
2026-04-08T07:24:27.407731+00:00,/explore,122,3228,45,poor,https://hashnode.com/_next/static/chunks/6caf7277614b8f01.css|https://hashnode.com/_next/static/chunks/39c65b9ff246101f.css|https://hashnode.com/_next/static/chunks/7eefeea34d48fc97.css|https://hashnode.com/_next/static/chunks/faf4a0202735b81c.js|https://hashnode.com/_next/static/chunks/ade94519337d7214.js
2026-04-08T07:24:30.687823+00:00,/featured,12,3225,45,poor,https://hashnode.com/_next/static/chunks/39c65b9ff246101f.css|https://hashnode.com/_next/static/chunks/7eefeea34d48fc97.css|https://hashnode.com/_next/static/chunks/6caf7277614b8f01.css|https://hashnode.com/_next/static/chunks/faf4a0202735b81c.js|https://hashnode.com/_next/static/chunks/ade94519337d7214.js
2026-04-09T07:26:42.473358+00:00,/,263,3490,24,poor,https://hashnode.com/_next/static/chunks/7eefeea34d48fc97.css|https://hashnode.com/_next/static/chunks/6caf7277614b8f01.css|https://hashnode.com/_next/static/chunks/39c65b9ff246101f.css|https://hashnode.com/_next/static/chunks/faf4a0202735b81c.js|https://hashnode.com/_next/static/chunks/ade94519337d7214.js
2026-04-09T07:26:45.686551+00:00,/explore,315,3156,45,poor,https://hashnode.com/_next/static/chunks/6caf7277614b8f01.css|https://hashnode.com/_next/static/chunks/39c65b9ff246101f.css|https://hashnode.com/_next/static/chunks/7eefeea34d48fc97.css|https://hashnode.com/_next/static/chunks/faf4a0202735b81c.js|https://hashnode.com/_next/static/chunks/ade94519337d7214.js
2026-04-09T07:26:48.948449+00:00,/featured,151,3206,45,poor,https://hashnode.com/_next/static/chunks/6caf7277614b8f01.css|https://hashnode.com/_next/static/chunks/39c65b9ff246101f.css|https://hashnode.com/_next/static/chunks/7eefeea34d48fc97.css|https://hashnode.com/_next/static/chunks/faf4a0202735b81c.js|https://hashnode.com/_next/static/chunks/ade94519337d7214.js
2026-04-10T07:45:48.712048+00:00,/,170,3236,24,poor,https://hashnode.com/_next/static/chunks/6caf7277614b8f01.css|https://hashnode.com/_next/static/chunks/7eefeea34d48fc97.css|https://hashnode.com/_next/static/chunks/39c65b9ff246101f.css|https://hashnode.com/_next/static/chunks/faf4a0202735b81c.js|https://hashnode.com/_next/static/chunks/ade94519337d7214.js
2026-04-10T07:45:52.044789+00:00,/explore,121,3264,45,poor,https://hashnode.com/_next/static/chunks/6caf7277614b8f01.css|https://hashnode.com/_next/static/chunks/39c65b9ff246101f.css|https://hashnode.com/_next/static/chunks/7eefeea34d48fc97.css|https://hashnode.com/_next/static/chunks/faf4a0202735b81c.js|https://hashnode.com/_next/static/chunks/ade94519337d7214.js
2026-04-10T07:45:55.353805+00:00,/featured,120,3254,45,poor,https://hashnode.com/_next/static/chunks/6caf7277614b8f01.css|https://hashnode.com/_next/static/chunks/39c65b9ff246101f.css|https://hashnode.com/_next/static/chunks/7eefeea34d48fc97.css|https://hashnode.com/_next/static/chunks/faf4a0202735b81c.js|https://hashnode.com/_next/static/chunks/ade94519337d7214.js
2026-04-11T07:03:59.095246+00:00,/,37,3412,24,poor,https://hashnode.com/_next/static/chunks/39c65b9ff246101f.css|https://hashnode.com/_next/static/chunks/6caf7277614b8f01.css|https://hashnode.com/_next/static/chunks/7eefeea34d48fc97.css|https://hashnode.com/_next/static/chunks/faf4a0202735b81c.js|https://hashnode.com/_next/static/chunks/5d420d97975eccac.js
2026-04-11T07:04:02.287596+00:00,/explore,102,3134,45,poor,https://hashnode.com/_next/static/chunks/39c65b9ff246101f.css|https://hashnode.com/_next/static/chunks/6caf7277614b8f01.css|https://hashnode.com/_next/static/chunks/7eefeea34d48fc97.css|https://hashnode.com/_next/static/chunks/faf4a0202735b81c.js|https://hashnode.com/_next/static/chunks/ade94519337d7214.js
2026-04-11T07:04:05.453599+00:00,/featured,520,3112,45,poor,https://hashnode.com/_next/static/chunks/39c65b9ff246101f.css|https://hashnode.com/_next/static/chunks/6caf7277614b8f01.css|https://hashnode.com/_next/static/chunks/7eefeea34d48fc97.css|https://hashnode.com/_next/static/chunks/faf4a0202735b81c.js|https://hashnode.com/_next/static/chunks/ade94519337d7214.js
2026-04-12T07:18:00.819827+00:00,/,121,3174,3,poor,https://hashnode.com/_next/static/chunks/6caf7277614b8f01.css|https://hashnode.com/_next/static/chunks/39c65b9ff246101f.css|https://hashnode.com/_next/static/chunks/7eefeea34d48fc97.css
2026-04-12T07:18:05.846467+00:00,/explore,190,4971,45,poor,https://hashnode.com/_next/static/chunks/6caf7277614b8f01.css|https://hashnode.com/_next/static/chunks/39c65b9ff246101f.css|https://hashnode.com/_next/static/chunks/7eefeea34d48fc97.css|https://hashnode.com/_next/static/chunks/faf4a0202735b81c.js|https://hashnode.com/_next/static/chunks/turbopack-30f62fc35629b0a3.js
2026-04-12T07:18:11.973561+00:00,/featured,144,6065,45,poor,https://hashnode.com/_next/static/chunks/6caf7277614b8f01.css|https://hashnode.com/_next/static/chunks/39c65b9ff246101f.css|https://hashnode.com/_next/static/chunks/7eefeea34d48fc97.css|https://hashnode.com/_next/static/chunks/ade94519337d7214.js|https://hashnode.com/_next/static/chunks/d598f1f652e2d146.js
2026-04-13T08:08:06.390329+00:00,/,69,13874,24,poor,https://hashnode.com/_next/static/chunks/39c65b9ff246101f.css|https://hashnode.com/_next/static/chunks/d598f1f652e2d146.js|https://hashnode.com/_next/static/chunks/b1cd045f80a2cce1.js|https://hashnode.com/_next/static/chunks/d26df96ef9a85721.js|https://hashnode.com/_next/static/chunks/6caf7277614b8f01.css
2026-04-13T08:08:16.776764+00:00,/explore,246,10324,45,poor,https://hashnode.com/_next/static/chunks/6caf7277614b8f01.css|https://hashnode.com/_next/static/chunks/39c65b9ff246101f.css|https://hashnode.com/_next/static/chunks/7eefeea34d48fc97.css|https://hashnode.com/_next/static/chunks/faf4a0202735b81c.js|https://hashnode.com/_next/static/chunks/ade94519337d7214.js
2026-04-13T08:08:21.716117+00:00,/featured,14,4886,45,poor,https://hashnode.com/_next/static/chunks/6caf7277614b8f01.css|https://hashnode.com/_next/static/chunks/39c65b9ff246101f.css|https://hashnode.com/_next/static/chunks/7eefeea34d48fc97.css|https://hashnode.com/_next/static/chunks/faf4a0202735b81c.js|https://hashnode.com/_next/static/chunks/ade94519337d7214.js
2026-04-14T07:50:26.872274+00:00,/,45,3302,24,poor,https://hashnode.com/_next/static/chunks/39c65b9ff246101f.css|https://hashnode.com/_next/static/chunks/2a94d2b5f407f8ab.css|https://hashnode.com/_next/static/chunks/6caf7277614b8f01.css|https://hashnode.com/_next/static/chunks/d598f1f652e2d146.js|https://hashnode.com/_next/static/chunks/ade94519337d7214.js
2026-04-14T07:50:29.971985+00:00,/explore,23,3040,0,poor,
2026-04-14T07:50:33.225329+00:00,/featured,148,3202,45,poor,https://hashnode.com/_next/static/chunks/6caf7277614b8f01.css|https://hashnode.com/_next/static/chunks/39c65b9ff246101f.css|https://hashnode.com/_next/static/chunks/2a94d2b5f407f8ab.css|https://hashnode.com/_next/static/chunks/faf4a0202735b81c.js|https://hashnode.com/_next/static/chunks/ade94519337d7214.js
2026-04-15T07:50:45.520013+00:00,/,48,3107,25,poor,https://hashnode.com/_next/static/chunks/39c65b9ff246101f.css|https://hashnode.com/_next/static/chunks/6caf7277614b8f01.css|https://hashnode.com/_next/static/chunks/2a94d2b5f407f8ab.css|https://hashnode.com/_next/static/chunks/faf4a0202735b81c.js|https://hashnode.com/_next/static/chunks/d598f1f652e2d146.js
2026-04-15T07:50:52.748103+00:00,/explore,1057,7171,48,poor,https://hashnode.com/_next/static/chunks/6caf7277614b8f01.css|https://hashnode.com/_next/static/chunks/39c65b9ff246101f.css|https://hashnode.com/_next/static/chunks/2a94d2b5f407f8ab.css|https://hashnode.com/_next/static/chunks/faf4a0202735b81c.js|https://hashnode.com/_next/static/chunks/ade94519337d7214.js
2026-04-15T07:50:57.796797+00:00,/featured,2675,5004,44,poor,https://hashnode.com/_next/static/chunks/6caf7277614b8f01.css|https://hashnode.com/_next/static/chunks/39c65b9ff246101f.css|https://hashnode.com/_next/static/chunks/2a94d2b5f407f8ab.css|https://hashnode.com/_next/static/chunks/ade94519337d7214.js|https://hashnode.com/_next/static/chunks/faf4a0202735b81c.js
2026-04-16T07:51:06.126387+00:00,/,359,9495,25,poor,https://hashnode.com/_next/static/chunks/d96012bcfc98706a.js|https://hashnode.com/_next/static/chunks/73e3194f06db260e.js|https://hashnode.com/_next/static/chunks/5229fa9d250c5aac.js|https://hashnode.com/_next/static/chunks/d598f1f652e2d146.js|https://hashnode.com/_next/static/chunks/1ef5fa9cf9c5989a.js
2026-04-16T07:51:12.874379+00:00,/explore,12,6698,46,poor,https://hashnode.com/_next/static/chunks/6caf7277614b8f01.css|https://hashnode.com/_next/static/chunks/39c65b9ff246101f.css|https://hashnode.com/_next/static/chunks/dedc2eb0752802d7.css|https://hashnode.com/_next/static/chunks/5d420d97975eccac.js|https://hashnode.com/_next/static/chunks/ade94519337d7214.js
2026-04-16T07:51:20.057339+00:00,/featured,12,7142,47,poor,https://hashnode.com/_next/static/chunks/6caf7277614b8f01.css|https://hashnode.com/_next/static/chunks/dedc2eb0752802d7.css|https://hashnode.com/_next/static/chunks/39c65b9ff246101f.css|https://hashnode.com/_next/static/chunks/faf4a0202735b81c.js|https://hashnode.com/_next/static/chunks/ade94519337d7214.js
2026-04-17T07:51:12.742857+00:00,/,44,3125,25,poor,https://hashnode.com/_next/static/chunks/6caf7277614b8f01.css|https://hashnode.com/_next/static/chunks/39c65b9ff246101f.css|https://hashnode.com/_next/static/chunks/b475fbd511cb7ee5.css|https://hashnode.com/_next/static/chunks/faf4a0202735b81c.js|https://hashnode.com/_next/static/chunks/ade94519337d7214.js
2026-04-17T07:51:16.057446+00:00,/explore,15,3255,47,poor,https://hashnode.com/_next/static/chunks/6caf7277614b8f01.css|https://hashnode.com/_next/static/chunks/39c65b9ff246101f.css|https://hashnode.com/_next/static/chunks/b475fbd511cb7ee5.css|https://hashnode.com/_next/static/chunks/ade94519337d7214.js|https://hashnode.com/_next/static/chunks/faf4a0202735b81c.js
2026-04-17T07:51:19.505893+00:00,/featured,172,3391,47,poor,https://hashnode.com/_next/static/chunks/6caf7277614b8f01.css|https://hashnode.com/_next/static/chunks/39c65b9ff246101f.css|https://hashnode.com/_next/static/chunks/b475fbd511cb7ee5.css|https://hashnode.com/_next/static/chunks/faf4a0202735b81c.js|https://hashnode.com/_next/static/chunks/ade94519337d7214.js
2026-04-18T07:12:25.069756+00:00,/,109,3515,29,poor,https://hashnode.com/_next/static/chunks/c1fa1c9dd46c5584.css|https://hashnode.com/_next/static/chunks/faf4a0202735b81c.js|https://hashnode.com/_next/static/chunks/d598f1f652e2d146.js|https://hashnode.com/_next/static/chunks/4a24c400a7781816.js|https://hashnode.com/_next/static/chunks/442a64f8e01a213b.js
2026-04-18T07:12:28.341507+00:00,/explore,113,3211,54,poor,https://hashnode.com/_next/static/chunks/6caf7277614b8f01.css|https://hashnode.com/_next/static/chunks/c1fa1c9dd46c5584.css|https://hashnode.com/_next/static/chunks/39c65b9ff246101f.css|https://hashnode.com/_next/static/chunks/faf4a0202735b81c.js|https://hashnode.com/_next/static/chunks/5d420d97975eccac.js
2026-04-18T07:12:31.572728+00:00,/featured,140,3183,54,poor,https://hashnode.com/_next/static/chunks/c1fa1c9dd46c5584.css|https://hashnode.com/_next/static/chunks/6caf7277614b8f01.css|https://hashnode.com/_next/static/chunks/39c65b9ff246101f.css|https://hashnode.com/_next/static/chunks/faf4a0202735b81c.js|https://hashnode.com/_next/static/chunks/ade94519337d7214.js
2026-04-19T07:23:22.631501+00:00,/,341,3590,29,poor,https://hashnode.com/_next/static/chunks/6caf7277614b8f01.css|https://hashnode.com/_next/static/chunks/39c65b9ff246101f.css|https://hashnode.com/_next/static/chunks/c1fa1c9dd46c5584.css|https://hashnode.com/_next/static/chunks/faf4a0202735b81c.js|https://hashnode.com/_next/static/chunks/ade94519337d7214.js
2026-04-19T07:23:25.750006+00:00,/explore,69,3079,0,poor,
2026-04-19T07:23:29.025735+00:00,/featured,668,3227,54,poor,https://hashnode.com/_next/static/chunks/6caf7277614b8f01.css|https://hashnode.com/_next/static/chunks/c1fa1c9dd46c5584.css|https://hashnode.com/_next/static/chunks/39c65b9ff246101f.css|https://hashnode.com/_next/static/chunks/faf4a0202735b81c.js|https://hashnode.com/_next/static/chunks/ade94519337d7214.js
2026-04-20T08:12:01.220520+00:00,/,102,3446,29,poor,https://hashnode.com/_next/static/chunks/6caf7277614b8f01.css|https://hashnode.com/_next/static/chunks/c1fa1c9dd46c5584.css|https://hashnode.com/_next/static/chunks/faf4a0202735b81c.js|https://hashnode.com/_next/static/chunks/d96012bcfc98706a.js|https://hashnode.com/_next/static/chunks/ade94519337d7214.js
2026-04-20T08:12:04.437509+00:00,/explore,86,3159,54,poor,https://hashnode.com/_next/static/chunks/6caf7277614b8f01.css|https://hashnode.com/_next/static/chunks/39c65b9ff246101f.css|https://hashnode.com/_next/static/chunks/c1fa1c9dd46c5584.css|https://hashnode.com/_next/static/chunks/faf4a0202735b81c.js|https://hashnode.com/_next/static/chunks/ade94519337d7214.js
2026-04-20T08:12:07.663303+00:00,/featured,92,3175,54,poor,https://hashnode.com/_next/static/chunks/6caf7277614b8f01.css|https://hashnode.com/_next/static/chunks/39c65b9ff246101f.css|https://hashnode.com/_next/static/chunks/c1fa1c9dd46c5584.css|https://hashnode.com/_next/static/chunks/faf4a0202735b81c.js|https://hashnode.com/_next/static/chunks/ade94519337d7214.js
2026-04-21T07:55:35.048151+00:00,/,41,3115,29,poor,https://hashnode.com/_next/static/chunks/6caf7277614b8f01.css|https://hashnode.com/_next/static/chunks/39c65b9ff246101f.css|https://hashnode.com/_next/static/chunks/c1fa1c9dd46c5584.css|https://hashnode.com/_next/static/chunks/faf4a0202735b81c.js|https://hashnode.com/_next/static/chunks/d598f1f652e2d146.js
2026-04-21T07:55:41.648543+00:00,/explore,930,6542,53,poor,https://hashnode.com/_next/static/chunks/6caf7277614b8f01.css|https://hashnode.com/_next/static/chunks/39c65b9ff246101f.css|https://hashnode.com/_next/static/chunks/c1fa1c9dd46c5584.css|https://hashnode.com/_next/static/chunks/d96012bcfc98706a.js|https://hashnode.com/_next/static/chunks/73e3194f06db260e.js
2026-04-21T07:55:44.881564+00:00,/featured,13,3174,53,poor,https://hashnode.com/_next/static/chunks/39c65b9ff246101f.css|https://hashnode.com/_next/static/chunks/6caf7277614b8f01.css|https://hashnode.com/_next/static/chunks/c1fa1c9dd46c5584.css|https://hashnode.com/_next/static/chunks/faf4a0202735b81c.js|https://hashnode.com/_next/static/chunks/ade94519337d7214.js
2026-04-22T07:52:16.562888+00:00,/,416,9824,25,poor,https://hashnode.com/_next/static/chunks/6caf7277614b8f01.css|https://hashnode.com/_next/static/chunks/c1fa1c9dd46c5584.css|https://hashnode.com/_next/static/chunks/faf4a0202735b81c.js|https://hashnode.com/_next/static/chunks/5d420d97975eccac.js|https://hashnode.com/_next/static/chunks/5229fa9d250c5aac.js
2026-04-22T07:52:24.906463+00:00,/explore,2875,8231,49,poor,https://hashnode.com/_next/static/chunks/6caf7277614b8f01.css|https://hashnode.com/_next/static/chunks/c1fa1c9dd46c5584.css|https://hashnode.com/_next/static/chunks/39c65b9ff246101f.css|https://hashnode.com/_next/static/chunks/faf4a0202735b81c.js|https://hashnode.com/_next/static/chunks/ade94519337d7214.js
2026-04-22T07:52:29.063817+00:00,/featured,0,4091,25,poor,https://hashnode.com/_next/static/chunks/6caf7277614b8f01.css|https://hashnode.com/_next/static/chunks/39c65b9ff246101f.css|https://hashnode.com/_next/static/chunks/c1fa1c9dd46c5584.css|https://hashnode.com/_next/static/chunks/faf4a0202735b81c.js|https://hashnode.com/_next/static/chunks/5d420d97975eccac.js
2026-04-23T07:58:22.883083+00:00,/,639,7730,28,poor,https://hashnode.com/_next/static/chunks/39c65b9ff246101f.css|https://hashnode.com/_next/static/chunks/6caf7277614b8f01.css|https://hashnode.com/_next/static/chunks/d455747101a65191.css|https://hashnode.com/_next/static/chunks/faf4a0202735b81c.js|https://hashnode.com/_next/static/chunks/ade94519337d7214.js
2026-04-23T07:58:38.133980+00:00,/explore,1956,15189,51,poor,https://hashnode.com/_next/static/chunks/6caf7277614b8f01.css|https://hashnode.com/_next/static/chunks/39c65b9ff246101f.css|https://hashnode.com/_next/static/chunks/d455747101a65191.css|https://hashnode.com/_next/static/chunks/faf4a0202735b81c.js|https://hashnode.com/_next/static/chunks/ade94519337d7214.js
2026-04-23T07:58:43.844682+00:00,/featured,246,5656,45,poor,https://hashnode.com/_next/static/chunks/6caf7277614b8f01.css|https://hashnode.com/_next/static/chunks/39c65b9ff246101f.css|https://hashnode.com/_next/static/chunks/d455747101a65191.css|https://hashnode.com/_next/static/chunks/5d420d97975eccac.js|https://hashnode.com/_next/static/chunks/73e3194f06db260e.js
2026-04-24T08:07:31.927818+00:00,/,47,3424,28,poor,https://hashnode.com/_next/static/chunks/faf4a0202735b81c.js|https://hashnode.com/_next/static/chunks/ade94519337d7214.js|https://hashnode.com/_next/static/chunks/5d420d97975eccac.js|https://hashnode.com/_next/static/chunks/39c65b9ff246101f.css|https://hashnode.com/_next/static/chunks/d598f1f652e2d146.js
2026-04-24T08:07:35.113378+00:00,/explore,78,3131,52,poor,https://hashnode.com/_next/static/chunks/6caf7277614b8f01.css|https://hashnode.com/_next/static/chunks/39c65b9ff246101f.css|https://hashnode.com/_next/static/chunks/d455747101a65191.css|https://hashnode.com/_next/static/chunks/faf4a0202735b81c.js|https://hashnode.com/_next/static/chunks/ade94519337d7214.js
2026-04-24T08:07:39.289032+00:00,/featured,10,4132,52,poor,https://hashnode.com/_next/static/chunks/6caf7277614b8f01.css|https://hashnode.com/_next/static/chunks/39c65b9ff246101f.css|https://hashnode.com/_next/static/chunks/d455747101a65191.css|https://hashnode.com/_next/static/chunks/faf4a0202735b81c.js|https://hashnode.com/_next/static/chunks/ade94519337d7214.js
2026-04-25T07:21:12.623966+00:00,/,131,6789,20,poor,https://hashnode.com/_next/static/chunks/6caf7277614b8f01.css|https://hashnode.com/_next/static/chunks/39c65b9ff246101f.css|https://hashnode.com/_next/static/chunks/40bbfa18230f69b9.css|https://hashnode.com/_next/static/chunks/faf4a0202735b81c.js|https://hashnode.com/_next/static/chunks/turbopack-30f62fc35629b0a3.js
2026-04-25T07:21:16.545185+00:00,/explore,431,3873,43,poor,https://hashnode.com/_next/static/chunks/6caf7277614b8f01.css|https://hashnode.com/_next/static/chunks/39c65b9ff246101f.css|https://hashnode.com/_next/static/chunks/40bbfa18230f69b9.css|https://hashnode.com/_next/static/chunks/d598f1f652e2d146.js|https://hashnode.com/_next/static/chunks/faf4a0202735b81c.js
2026-04-25T07:21:31.470055+00:00,/featured,8,14875,52,poor,https://hashnode.com/_next/static/chunks/6caf7277614b8f01.css|https://hashnode.com/_next/static/chunks/39c65b9ff246101f.css|https://hashnode.com/_next/static/chunks/40bbfa18230f69b9.css|https://hashnode.com/_next/static/chunks/faf4a0202735b81c.js|https://hashnode.com/_next/static/chunks/ade94519337d7214.js
2026-04-26T07:43:28.836716+00:00,/,46,3123,28,poor,https://hashnode.com/_next/static/chunks/40bbfa18230f69b9.css|https://hashnode.com/_next/static/chunks/39c65b9ff246101f.css|https://hashnode.com/_next/static/chunks/6caf7277614b8f01.css|https://hashnode.com/_next/static/chunks/faf4a0202735b81c.js|https://hashnode.com/_next/static/chunks/ade94519337d7214.js
2026-04-26T07:43:33.790662+00:00,/explore,234,4892,62,poor,https://hashnode.com/_next/static/chunks/6caf7277614b8f01.css|https://hashnode.com/_next/static/chunks/39c65b9ff246101f.css|https://hashnode.com/_next/static/chunks/40bbfa18230f69b9.css|https://hashnode.com/_next/static/chunks/faf4a0202735b81c.js|https://hashnode.com/_next/static/chunks/5d420d97975eccac.js
2026-04-26T07:43:37.411342+00:00,/featured,742,3568,45,poor,https://hashnode.com/_next/static/chunks/39c65b9ff246101f.css|https://hashnode.com/_next/static/chunks/40bbfa18230f69b9.css|https://hashnode.com/_next/static/chunks/6caf7277614b8f01.css|https://hashnode.com/_next/static/chunks/faf4a0202735b81c.js|https://hashnode.com/_next/static/chunks/5d420d97975eccac.js
2026-04-27T08:29:50.638951+00:00,/,55,3284,28,poor,https://hashnode.com/_next/static/chunks/1cc55bceb917223b.js|https://hashnode.com/_next/static/chunks/8fb8ef6c0f48218b.js|https://hashnode.com/_next/static/chunks/6826dffb999e18eb.js|https://hashnode.com/_next/static/chunks/d43fa2c261a15769.js|https://hashnode.com/_next/static/chunks/6caf7277614b8f01.css
2026-04-27T08:29:54.069319+00:00,/explore,123,3386,52,poor,https://hashnode.com/_next/static/chunks/6caf7277614b8f01.css|https://hashnode.com/_next/static/chunks/39c65b9ff246101f.css|https://hashnode.com/_next/static/chunks/7d75faf8f0708992.css|https://hashnode.com/_next/static/chunks/faf4a0202735b81c.js|https://hashnode.com/_next/static/chunks/ade94519337d7214.js
2026-04-27T08:29:57.248523+00:00,/featured,136,3135,52,poor,https://hashnode.com/_next/static/chunks/6caf7277614b8f01.css|https://hashnode.com/_next/static/chunks/39c65b9ff246101f.css|https://hashnode.com/_next/static/chunks/7d75faf8f0708992.css|https://hashnode.com/_next/static/chunks/faf4a0202735b81c.js|https://hashnode.com/_next/static/chunks/ade94519337d7214.js
